SETTING_1,SETTING_2,DIFFERENCE
0,1,0.4698085419734904
0,2,1.0
0,3,0.946980854197349
0,4,1.0
0,5,1.0
0,6,0.946980854197349
0,7,1.0
1,2,1.0
1,3,0.9912408759124087
1,4,1.0
1,5,1.0
1,6,0.9912408759124087
1,7,1.0
2,3,1.0
2,4,0.6875912408759124
2,5,0.6875912408759124
2,6,1.0
2,7,0.6875912408759124
3,4,1.0
3,5,1.0
3,6,0.0
3,7,1.0
4,5,0.0
4,6,1.0
4,7,0.0
5,6,1.0
5,7,0.0
6,7,1.0
