SETTING_1,SETTING_2,DIFFERENCE
0,1,0.0
0,2,1.0
0,3,0.6497797356828194
0,4,1.0
0,5,0.0
0,6,1.0
0,7,1.0
1,2,1.0
1,3,0.6497797356828194
1,4,1.0
1,5,0.0
1,6,1.0
1,7,1.0
2,3,1.0
2,4,0.0035335689045936647
2,5,1.0
2,6,0.7031802120141343
2,7,0.0035335689045936647
3,4,1.0
3,5,0.647970479704797
3,6,1.0
3,7,1.0
4,5,1.0
4,6,0.7031802120141343
4,7,0.0
5,6,1.0
5,7,1.0
6,7,0.7013333333333334
