SETTING_1,SETTING_2,DIFFERENCE
0,1,0.9361430395913155
0,2,1.0
0,3,1.0
0,4,1.0
0,5,1.0
0,6,1.0
0,7,1.0
1,2,1.0
1,3,1.0
1,4,1.0
1,5,1.0
1,6,1.0
1,7,1.0
2,3,0.9451388888888889
2,4,0.11805555555555558
2,5,1.0
2,6,0.9451388888888889
2,7,0.4277777777777778
3,4,0.9399696048632219
3,5,1.0
3,6,0.9019756838905775
3,7,0.9399696048632219
4,5,1.0
4,6,0.945479641131815
4,7,0.30779848171152524
5,6,1.0
5,7,1.0
6,7,0.9402872260015117
