SETTING_1,SETTING_2,DIFFERENCE
0,1,0.0
0,2,0.0
0,3,0.5882352941176471
0,4,0.0
0,5,0.0
0,6,0.5882352941176471
0,7,0.0
1,2,0.0
1,3,0.5882352941176471
1,4,0.0
1,5,0.0
1,6,0.5882352941176471
1,7,0.0
2,3,0.5882352941176471
2,4,0.0
2,5,0.0
2,6,0.5882352941176471
2,7,0.0
3,4,0.5745489078822412
3,5,0.5745489078822412
3,6,0.0
3,7,0.5745489078822412
4,5,0.0
4,6,0.5882352941176471
4,7,0.0
5,6,0.5882352941176471
5,7,0.0
6,7,0.5745489078822412
