SETTING_1,SETTING_2,DIFFERENCE
0,1,0.0
0,2,1.0
0,3,0.0
0,4,0.0
0,5,1.0
0,6,0.6114180478821363
0,7,0.0
1,2,1.0
1,3,0.0
1,4,0.0
1,5,1.0
1,6,0.6114180478821363
1,7,0.0
2,3,1.0
2,4,1.0
2,5,1.0
2,6,1.0
2,7,1.0
3,4,0.0
3,5,1.0
3,6,0.6114180478821363
3,7,0.0
4,5,1.0
4,6,0.6114180478821363
4,7,0.0
5,6,1.0
5,7,1.0
6,7,0.609981515711645
